,symbol,lastPrice,dayHigh,dayLow,closePrice,open,timestamp_ID,stock_market_ID,company_ID
0,RELIANCE,2791.8,2814.0,2761.75,0.0,2780.0,0,1,0
1,TCS,3394.45,3430.0,3380.0,0.0,3418.0,0,1,1
2,HDFC,2273.9,2287.0,2256.05,0.0,2257.0,0,1,2
3,WIPRO,466.9,472.0,464.2,0.0,472.0,0,1,3
4,ITC,271.0,272.9,269.7,0.0,272.4,0,1,4
5,ONGC,154.05,155.3,152.8,0.0,153.1,0,1,5
6,HINDALCO,403.6,406.2,395.95,0.0,402.6,0,1,6
7,NTPC,157.15,157.85,155.2,0.0,155.8,0,1,7
8,IOC,117.25,118.6,116.7,0.0,118.3,0,1,8
9,GRASIM,1337.45,1339.9,1316.3,0.0,1334.0,0,1,9
10,DLF,324.75,330.45,323.85,0.0,329.8,0,1,10
11,CIPLA,973.65,975.0,960.5,0.0,960.95,0,1,11
12,SIEMENS,2358.2,2358.5,2327.9,0.0,2344.1,0,1,12
13,BPCL,321.85,327.9,320.0,0.0,327.5,0,1,13
14,SRF,2355.05,2393.95,2331.0,0.0,2375.0,0,1,14
15,BRITANNIA,3461.25,3535.0,3456.85,0.0,3530.0,0,1,15
16,MINDTREE,2995.4,3062.0,2980.0,0.0,3055.25,0,1,16
17,GAIL,149.1,149.35,146.0,0.0,146.1,0,1,17
18,ZOMATO,70.25,71.0,69.2,0.0,70.0,0,1,18
19,MARICO,509.0,513.4,506.35,0.0,513.4,0,1,19
20,MPHASIS,2519.6,2552.85,2500.0,0.0,2549.0,0,1,20
21,IRCTC,654.7,665.0,648.15,0.0,665.0,0,1,21
22,UPL,768.4,778.8,764.55,0.0,771.95,0,1,22
23,GLAND,2805.0,2845.85,2788.3,0.0,2838.0,0,1,23
24,RELIANCE,2786.05,2814.0,2761.75,0.0,2780.0,1,1,0
25,TCS,3386.0,3430.0,3380.0,0.0,3418.0,1,1,1
26,HDFC,2274.6,2287.0,2256.05,0.0,2257.0,1,1,2
27,WIPRO,466.9,472.0,464.2,0.0,472.0,1,1,3
28,ITC,271.65,272.9,269.7,0.0,272.4,1,1,4
29,ONGC,154.35,155.3,152.8,0.0,153.1,1,1,5
30,HINDALCO,404.1,406.2,395.95,0.0,402.6,1,1,6
31,NTPC,157.25,157.85,155.2,0.0,155.8,1,1,7
32,IOC,117.2,118.6,116.7,0.0,118.3,1,1,8
33,GRASIM,1331.0,1339.9,1316.3,0.0,1334.0,1,1,9
34,DLF,324.0,330.45,323.1,0.0,329.8,1,1,10
35,CIPLA,972.15,975.0,960.5,0.0,960.95,1,1,11
36,SIEMENS,2353.0,2358.85,2327.9,0.0,2344.1,1,1,12
37,BPCL,321.8,327.9,320.0,0.0,327.5,1,1,13
38,SRF,2341.3,2393.95,2331.0,0.0,2375.0,1,1,14
39,BRITANNIA,3455.0,3535.0,3450.05,0.0,3530.0,1,1,15
40,MINDTREE,2989.0,3062.0,2980.0,0.0,3055.25,1,1,16
41,GAIL,148.75,149.35,146.0,0.0,146.1,1,1,17
42,ZOMATO,70.1,71.0,69.2,0.0,70.0,1,1,18
43,MARICO,507.95,513.4,506.35,0.0,513.4,1,1,19
44,MPHASIS,2513.0,2552.85,2500.0,0.0,2549.0,1,1,20
45,IRCTC,652.45,665.0,648.15,0.0,665.0,1,1,21
46,UPL,767.8,778.8,764.55,0.0,771.95,1,1,22
47,GLAND,2815.0,2845.85,2788.3,0.0,2838.0,1,1,23
48,RELIANCE,2783.4,2814.0,2761.75,0.0,2780.0,2,1,0
49,TCS,3387.75,3430.0,3380.0,0.0,3418.0,2,1,1
50,HDFC,2274.35,2287.0,2256.05,0.0,2257.0,2,1,2
51,WIPRO,466.45,472.0,464.2,0.0,472.0,2,1,3
52,ITC,271.65,272.9,269.7,0.0,272.4,2,1,4
53,ONGC,154.6,155.3,152.8,0.0,153.1,2,1,5
54,HINDALCO,404.6,406.2,395.95,0.0,402.6,2,1,6
55,NTPC,157.35,157.85,155.2,0.0,155.8,2,1,7
56,IOC,117.2,118.6,116.7,0.0,118.3,2,1,8
57,GRASIM,1330.3,1339.9,1316.3,0.0,1334.0,2,1,9
58,DLF,323.65,330.45,323.05,0.0,329.8,2,1,10
59,CIPLA,977.55,977.95,960.5,0.0,960.95,2,1,11
60,SIEMENS,2353.6,2358.85,2327.9,0.0,2344.1,2,1,12
61,BPCL,322.15,327.9,320.0,0.0,327.5,2,1,13
62,SRF,2342.95,2393.95,2331.0,0.0,2375.0,2,1,14
63,BRITANNIA,3462.4,3535.0,3450.05,0.0,3530.0,2,1,15
64,MINDTREE,2988.1,3062.0,2980.0,0.0,3055.25,2,1,16
65,GAIL,148.85,149.35,146.0,0.0,146.1,2,1,17
66,ZOMATO,70.15,71.0,69.2,0.0,70.0,2,1,18
67,MARICO,508.75,513.4,506.35,0.0,513.4,2,1,19
68,MPHASIS,2513.75,2552.85,2500.0,0.0,2549.0,2,1,20
69,IRCTC,652.8,665.0,648.15,0.0,665.0,2,1,21
70,UPL,767.1,778.8,764.55,0.0,771.95,2,1,22
71,GLAND,2826.0,2845.85,2788.3,0.0,2838.0,2,1,23
72,RELIANCE,2779.15,2814.0,2761.75,0.0,2780.0,3,1,0
73,TCS,3387.05,3430.0,3380.0,0.0,3418.0,3,1,1
74,HDFC,2276.0,2287.0,2256.05,0.0,2257.0,3,1,2
75,WIPRO,466.7,472.0,464.2,0.0,472.0,3,1,3
76,ITC,271.6,272.9,269.7,0.0,272.4,3,1,4
77,ONGC,154.45,155.3,152.8,0.0,153.1,3,1,5
78,HINDALCO,403.75,406.2,395.95,0.0,402.6,3,1,6
79,NTPC,157.75,157.85,155.2,0.0,155.8,3,1,7
80,IOC,117.1,118.6,116.7,0.0,118.3,3,1,8
81,GRASIM,1331.1,1339.9,1316.3,0.0,1334.0,3,1,9
82,DLF,323.95,330.45,323.05,0.0,329.8,3,1,10
83,CIPLA,975.65,977.95,960.5,0.0,960.95,3,1,11
84,SIEMENS,2351.3,2358.85,2327.9,0.0,2344.1,3,1,12
85,BPCL,321.8,327.9,320.0,0.0,327.5,3,1,13
86,SRF,2341.0,2393.95,2331.0,0.0,2375.0,3,1,14
87,BRITANNIA,3462.8,3535.0,3450.05,0.0,3530.0,3,1,15
88,MINDTREE,2985.0,3062.0,2980.0,0.0,3055.25,3,1,16
89,GAIL,148.6,149.35,146.0,0.0,146.1,3,1,17
90,ZOMATO,70.2,71.0,69.2,0.0,70.0,3,1,18
91,MARICO,508.65,513.4,506.35,0.0,513.4,3,1,19
92,MPHASIS,2508.35,2552.85,2500.0,0.0,2549.0,3,1,20
93,IRCTC,652.75,665.0,648.15,0.0,665.0,3,1,21
94,UPL,766.05,778.8,764.55,0.0,771.95,3,1,22
95,GLAND,2819.85,2845.85,2788.3,0.0,2838.0,3,1,23
96,RELIANCE,2774.9,2814.0,2761.75,0.0,2780.0,4,1,0
97,TCS,3387.05,3430.0,3380.0,0.0,3418.0,4,1,1
98,HDFC,2276.6,2287.0,2256.05,0.0,2257.0,4,1,2
99,WIPRO,466.65,472.0,464.2,0.0,472.0,4,1,3
100,ITC,272.0,272.9,269.7,0.0,272.4,4,1,4
101,ONGC,154.55,155.3,152.8,0.0,153.1,4,1,5
102,HINDALCO,403.95,406.2,395.95,0.0,402.6,4,1,6
103,NTPC,157.9,158.15,155.2,0.0,155.8,4,1,7
104,IOC,117.1,118.6,116.7,0.0,118.3,4,1,8
105,GRASIM,1329.45,1339.9,1316.3,0.0,1334.0,4,1,9
106,DLF,323.95,330.45,323.05,0.0,329.8,4,1,10
107,CIPLA,977.05,977.95,960.5,0.0,960.95,4,1,11
108,SIEMENS,2351.4,2358.85,2327.9,0.0,2344.1,4,1,12
109,BPCL,321.9,327.9,320.0,0.0,327.5,4,1,13
110,SRF,2341.75,2393.95,2331.0,0.0,2375.0,4,1,14
111,BRITANNIA,3463.6,3535.0,3450.05,0.0,3530.0,4,1,15
112,MINDTREE,2987.0,3062.0,2980.0,0.0,3055.25,4,1,16
113,GAIL,148.55,149.35,146.0,0.0,146.1,4,1,17
114,ZOMATO,70.45,71.0,69.2,0.0,70.0,4,1,18
115,MARICO,508.05,513.4,506.35,0.0,513.4,4,1,19
116,MPHASIS,2507.9,2552.85,2500.0,0.0,2549.0,4,1,20
117,IRCTC,652.3,665.0,648.15,0.0,665.0,4,1,21
118,UPL,765.95,778.8,764.55,0.0,771.95,4,1,22
119,GLAND,2820.0,2845.85,2788.3,0.0,2838.0,4,1,23
120,RELIANCE,2781.0,2814.0,2761.75,0.0,2780.0,5,1,0
121,TCS,3390.25,3430.0,3380.0,0.0,3418.0,5,1,1
122,HDFC,2279.8,2287.0,2256.05,0.0,2257.0,5,1,2
123,WIPRO,467.5,472.0,464.2,0.0,472.0,5,1,3
124,ITC,271.95,272.9,269.7,0.0,272.4,5,1,4
125,ONGC,154.7,155.3,152.8,0.0,153.1,5,1,5
126,HINDALCO,404.85,406.2,395.95,0.0,402.6,5,1,6
127,NTPC,158.15,158.15,155.2,0.0,155.8,5,1,7
128,IOC,117.3,118.6,116.7,0.0,118.3,5,1,8
129,GRASIM,1335.45,1340.0,1316.3,0.0,1334.0,5,1,9
130,DLF,324.7,330.45,323.05,0.0,329.8,5,1,10
131,CIPLA,978.5,979.7,960.5,0.0,960.95,5,1,11
132,SIEMENS,2354.6,2358.85,2327.9,0.0,2344.1,5,1,12
133,BPCL,322.55,327.9,320.0,0.0,327.5,5,1,13
134,SRF,2347.65,2393.95,2331.0,0.0,2375.0,5,1,14
135,BRITANNIA,3471.0,3535.0,3450.05,0.0,3530.0,5,1,15
136,MINDTREE,2995.0,3062.0,2980.0,0.0,3055.25,5,1,16
137,GAIL,148.9,149.35,146.0,0.0,146.1,5,1,17
138,ZOMATO,70.4,71.0,69.2,0.0,70.0,5,1,18
139,MARICO,510.0,513.4,506.35,0.0,513.4,5,1,19
140,MPHASIS,2512.2,2552.85,2500.0,0.0,2549.0,5,1,20
141,IRCTC,653.85,665.0,648.15,0.0,665.0,5,1,21
142,UPL,767.55,778.8,764.55,0.0,771.95,5,1,22
143,GLAND,2824.8,2845.85,2788.3,0.0,2838.0,5,1,23
144,RELIANCE,2779.25,2814.0,2761.75,0.0,2780.0,6,1,0
145,TCS,3390.75,3430.0,3380.0,0.0,3418.0,6,1,1
146,HDFC,2280.45,2287.0,2256.05,0.0,2257.0,6,1,2
147,WIPRO,467.2,472.0,464.2,0.0,472.0,6,1,3
148,ITC,271.95,272.9,269.7,0.0,272.4,6,1,4
149,ONGC,154.9,155.3,152.8,0.0,153.1,6,1,5
150,HINDALCO,405.0,406.2,395.95,0.0,402.6,6,1,6
151,NTPC,158.1,158.3,155.2,0.0,155.8,6,1,7
152,IOC,117.45,118.6,116.7,0.0,118.3,6,1,8
153,GRASIM,1335.35,1340.0,1316.3,0.0,1334.0,6,1,9
154,DLF,325.1,330.45,323.05,0.0,329.8,6,1,10
155,CIPLA,977.7,979.7,960.5,0.0,960.95,6,1,11
156,SIEMENS,2358.0,2358.85,2327.9,0.0,2344.1,6,1,12
157,BPCL,322.65,327.9,320.0,0.0,327.5,6,1,13
158,SRF,2352.5,2393.95,2331.0,0.0,2375.0,6,1,14
159,BRITANNIA,3474.05,3535.0,3450.05,0.0,3530.0,6,1,15
160,MINDTREE,2996.0,3062.0,2980.0,0.0,3055.25,6,1,16
161,GAIL,149.9,149.95,146.0,0.0,146.1,6,1,17
162,ZOMATO,70.35,71.0,69.2,0.0,70.0,6,1,18
163,MARICO,510.0,513.4,506.35,0.0,513.4,6,1,19
164,MPHASIS,2512.9,2552.85,2500.0,0.0,2549.0,6,1,20
165,IRCTC,655.1,665.0,648.15,0.0,665.0,6,1,21
166,UPL,768.6,778.8,764.55,0.0,771.95,6,1,22
167,GLAND,2824.2,2845.85,2788.3,0.0,2838.0,6,1,23
168,RELIANCE,2788.0,2814.0,2761.75,0.0,2780.0,7,1,0
169,TCS,3393.05,3430.0,3380.0,0.0,3418.0,7,1,1
170,HDFC,2278.25,2287.0,2256.05,0.0,2257.0,7,1,2
171,WIPRO,467.0,472.0,464.2,0.0,472.0,7,1,3
172,ITC,271.15,272.9,269.7,0.0,272.4,7,1,4
173,ONGC,153.9,155.3,152.8,0.0,153.1,7,1,5
174,HINDALCO,403.6,406.2,395.95,0.0,402.6,7,1,6
175,NTPC,157.1,157.85,155.2,0.0,155.8,7,1,7
176,IOC,117.15,118.6,116.7,0.0,118.3,7,1,8
177,GRASIM,1333.85,1339.9,1316.3,0.0,1334.0,7,1,9
178,DLF,324.85,330.45,323.85,0.0,329.8,7,1,10
179,CIPLA,973.3,975.0,960.5,0.0,960.95,7,1,11
180,SIEMENS,2357.0,2358.5,2327.9,0.0,2344.1,7,1,12
181,BPCL,322.25,327.9,320.0,0.0,327.5,7,1,13
182,SRF,2348.95,2393.95,2331.0,0.0,2375.0,7,1,14
183,BRITANNIA,3455.0,3535.0,3455.0,0.0,3530.0,7,1,15
184,MINDTREE,2994.0,3062.0,2980.0,0.0,3055.25,7,1,16
185,GAIL,148.8,149.35,146.0,0.0,146.1,7,1,17
186,ZOMATO,70.1,71.0,69.2,0.0,70.0,7,1,18
187,MARICO,507.0,513.4,506.35,0.0,513.4,7,1,19
188,MPHASIS,2518.75,2552.85,2500.0,0.0,2549.0,7,1,20
189,IRCTC,652.65,665.0,648.15,0.0,665.0,7,1,21
190,UPL,768.9,778.8,764.55,0.0,771.95,7,1,22
191,GLAND,2805.95,2845.85,2788.3,0.0,2838.0,7,1,23
192,RELIANCE,2774.0,2814.0,2761.75,0.0,2780.0,8,1,0
193,TCS,3388.1,3430.0,3380.0,0.0,3418.0,8,1,1
194,HDFC,2280.85,2287.0,2256.05,0.0,2257.0,8,1,2
195,WIPRO,466.9,472.0,464.2,0.0,472.0,8,1,3
196,ITC,271.8,272.9,269.7,0.0,272.4,8,1,4
197,ONGC,154.85,155.3,152.8,0.0,153.1,8,1,5
198,HINDALCO,405.45,406.2,395.95,0.0,402.6,8,1,6
199,NTPC,158.2,158.45,155.2,0.0,155.8,8,1,7
200,IOC,117.4,118.6,116.7,0.0,118.3,8,1,8
201,GRASIM,1332.8,1340.0,1316.3,0.0,1334.0,8,1,9
202,DLF,324.7,330.45,323.05,0.0,329.8,8,1,10
203,CIPLA,976.1,979.7,960.5,0.0,960.95,8,1,11
204,SIEMENS,2361.4,2362.3,2327.9,0.0,2344.1,8,1,12
205,BPCL,322.65,327.9,320.0,0.0,327.5,8,1,13
206,SRF,2351.0,2393.95,2331.0,0.0,2375.0,8,1,14
207,BRITANNIA,3473.5,3535.0,3450.05,0.0,3530.0,8,1,15
208,MINDTREE,2993.8,3062.0,2980.0,0.0,3055.25,8,1,16
209,GAIL,149.95,149.95,146.0,0.0,146.1,8,1,17
210,ZOMATO,70.4,71.0,69.2,0.0,70.0,8,1,18
211,MARICO,510.25,513.4,506.35,0.0,513.4,8,1,19
212,MPHASIS,2508.0,2552.85,2500.0,0.0,2549.0,8,1,20
213,IRCTC,654.2,665.0,648.15,0.0,665.0,8,1,21
214,UPL,768.75,778.8,764.55,0.0,771.95,8,1,22
215,GLAND,2822.65,2845.85,2788.3,0.0,2838.0,8,1,23
216,RELIANCE,2773.0,2814.0,2761.75,0.0,2780.0,9,1,0
217,TCS,3379.5,3430.0,3378.1,0.0,3418.0,9,1,1
218,HDFC,2278.95,2287.0,2256.05,0.0,2257.0,9,1,2
219,WIPRO,466.65,472.0,464.2,0.0,472.0,9,1,3
220,ITC,271.7,272.9,269.7,0.0,272.4,9,1,4
221,ONGC,154.95,155.3,152.8,0.0,153.1,9,1,5
222,HINDALCO,406.85,406.95,395.95,0.0,402.6,9,1,6
223,NTPC,158.3,158.45,155.2,0.0,155.8,9,1,7
224,IOC,117.35,118.6,116.7,0.0,118.3,9,1,8
225,GRASIM,1332.05,1340.0,1316.3,0.0,1334.0,9,1,9
226,DLF,324.3,330.45,323.05,0.0,329.8,9,1,10
227,CIPLA,975.65,979.7,960.5,0.0,960.95,9,1,11
228,SIEMENS,2361.0,2362.5,2327.9,0.0,2344.1,9,1,12
229,BPCL,322.3,327.9,320.0,0.0,327.5,9,1,13
230,SRF,2346.7,2393.95,2331.0,0.0,2375.0,9,1,14
231,BRITANNIA,3473.5,3535.0,3450.05,0.0,3530.0,9,1,15
232,MINDTREE,2998.0,3062.0,2980.0,0.0,3055.25,9,1,16
233,GAIL,149.1,149.95,146.0,0.0,146.1,9,1,17
234,ZOMATO,70.45,71.0,69.2,0.0,70.0,9,1,18
235,MARICO,508.5,513.4,506.35,0.0,513.4,9,1,19
236,MPHASIS,2496.9,2552.85,2496.05,0.0,2549.0,9,1,20
237,IRCTC,653.45,665.0,648.15,0.0,665.0,9,1,21
238,UPL,769.65,778.8,764.55,0.0,771.95,9,1,22
239,GLAND,2825.0,2845.85,2788.3,0.0,2838.0,9,1,23
240,RELIANCE,2772.0,2814.0,2761.75,0.0,2780.0,10,1,0
241,TCS,3381.6,3430.0,3377.7,0.0,3418.0,10,1,1
242,HDFC,2278.75,2287.0,2256.05,0.0,2257.0,10,1,2
243,WIPRO,466.1,472.0,464.2,0.0,472.0,10,1,3
244,ITC,271.7,272.9,269.7,0.0,272.4,10,1,4
245,ONGC,154.55,155.3,152.8,0.0,153.1,10,1,5
246,HINDALCO,405.4,406.95,395.95,0.0,402.6,10,1,6
247,NTPC,157.7,158.45,155.2,0.0,155.8,10,1,7
248,IOC,117.2,118.6,116.7,0.0,118.3,10,1,8
249,GRASIM,1331.55,1340.0,1316.3,0.0,1334.0,10,1,9
250,DLF,324.35,330.45,323.05,0.0,329.8,10,1,10
251,CIPLA,975.5,979.7,960.5,0.0,960.95,10,1,11
252,SIEMENS,2357.2,2362.5,2327.9,0.0,2344.1,10,1,12
253,BPCL,321.8,327.9,320.0,0.0,327.5,10,1,13
254,SRF,2345.5,2393.95,2331.0,0.0,2375.0,10,1,14
255,BRITANNIA,3468.6,3535.0,3450.05,0.0,3530.0,10,1,15
256,MINDTREE,2996.15,3062.0,2980.0,0.0,3055.25,10,1,16
257,GAIL,148.8,149.95,146.0,0.0,146.1,10,1,17
258,ZOMATO,70.45,71.0,69.2,0.0,70.0,10,1,18
259,MARICO,509.05,513.4,506.35,0.0,513.4,10,1,19
260,MPHASIS,2500.55,2552.85,2495.6,0.0,2549.0,10,1,20
261,IRCTC,653.0,665.0,648.15,0.0,665.0,10,1,21
262,UPL,768.4,778.8,764.55,0.0,771.95,10,1,22
263,GLAND,2828.0,2845.85,2788.3,0.0,2838.0,10,1,23
264,RELIANCE,2773.4,2814.0,2761.75,0.0,2780.0,11,1,0
265,TCS,3385.6,3430.0,3377.15,0.0,3418.0,11,1,1
266,HDFC,2279.65,2287.0,2256.05,0.0,2257.0,11,1,2
267,WIPRO,466.75,472.0,464.2,0.0,472.0,11,1,3
268,ITC,271.75,272.9,269.7,0.0,272.4,11,1,4
269,ONGC,154.8,155.3,152.8,0.0,153.1,11,1,5
270,HINDALCO,404.8,406.95,395.95,0.0,402.6,11,1,6
271,NTPC,158.0,158.45,155.2,0.0,155.8,11,1,7
272,IOC,117.35,118.6,116.7,0.0,118.3,11,1,8
273,GRASIM,1330.4,1340.0,1316.3,0.0,1334.0,11,1,9
274,DLF,324.45,330.45,323.05,0.0,329.8,11,1,10
275,CIPLA,975.3,979.7,960.5,0.0,960.95,11,1,11
276,SIEMENS,2360.4,2362.5,2327.9,0.0,2344.1,11,1,12
277,BPCL,321.4,327.9,320.0,0.0,327.5,11,1,13
278,SRF,2345.0,2393.95,2331.0,0.0,2375.0,11,1,14
279,BRITANNIA,3471.85,3535.0,3450.05,0.0,3530.0,11,1,15
280,MINDTREE,3001.6,3062.0,2980.0,0.0,3055.25,11,1,16
281,GAIL,148.85,149.95,146.0,0.0,146.1,11,1,17
282,ZOMATO,70.45,71.0,69.2,0.0,70.0,11,1,18
283,MARICO,508.9,513.4,506.35,0.0,513.4,11,1,19
284,MPHASIS,2504.2,2552.85,2495.6,0.0,2549.0,11,1,20
285,IRCTC,653.5,665.0,648.15,0.0,665.0,11,1,21
286,UPL,768.9,778.8,764.55,0.0,771.95,11,1,22
287,GLAND,2826.0,2845.85,2788.3,0.0,2838.0,11,1,23
288,RELIANCE,2772.0,2814.0,2761.75,0.0,2780.0,12,1,0
289,TCS,3386.9,3430.0,3377.15,0.0,3418.0,12,1,1
290,HDFC,2280.0,2287.0,2256.05,0.0,2257.0,12,1,2
291,WIPRO,467.4,472.0,464.2,0.0,472.0,12,1,3
292,ITC,271.3,272.9,269.7,0.0,272.4,12,1,4
293,ONGC,155.0,155.3,152.8,0.0,153.1,12,1,5
294,HINDALCO,404.3,406.95,395.95,0.0,402.6,12,1,6
295,NTPC,158.3,158.45,155.2,0.0,155.8,12,1,7
296,IOC,117.4,118.6,116.7,0.0,118.3,12,1,8
297,GRASIM,1329.15,1340.0,1316.3,0.0,1334.0,12,1,9
298,DLF,324.1,330.45,323.05,0.0,329.8,12,1,10
299,CIPLA,975.2,979.7,960.5,0.0,960.95,12,1,11
300,SIEMENS,2362.3,2362.5,2327.9,0.0,2344.1,12,1,12
301,BPCL,322.15,327.9,320.0,0.0,327.5,12,1,13
302,SRF,2343.85,2393.95,2331.0,0.0,2375.0,12,1,14
303,BRITANNIA,3469.95,3535.0,3450.05,0.0,3530.0,12,1,15
304,MINDTREE,3001.6,3062.0,2980.0,0.0,3055.25,12,1,16
305,GAIL,149.05,149.95,146.0,0.0,146.1,12,1,17
306,ZOMATO,70.35,71.0,69.2,0.0,70.0,12,1,18
307,MARICO,508.55,513.4,506.35,0.0,513.4,12,1,19
308,MPHASIS,2504.15,2552.85,2495.6,0.0,2549.0,12,1,20
309,IRCTC,653.5,665.0,648.15,0.0,665.0,12,1,21
310,UPL,768.75,778.8,764.55,0.0,771.95,12,1,22
311,GLAND,2826.0,2845.85,2788.3,0.0,2838.0,12,1,23
312,RELIANCE,2770.0,2814.0,2761.75,0.0,2780.0,13,1,0
313,TCS,3390.9,3430.0,3377.15,0.0,3418.0,13,1,1
314,HDFC,2279.4,2287.0,2256.05,0.0,2257.0,13,1,2
315,WIPRO,467.45,472.0,464.2,0.0,472.0,13,1,3
316,ITC,271.25,272.9,269.7,0.0,272.4,13,1,4
317,ONGC,155.05,155.3,152.8,0.0,153.1,13,1,5
318,HINDALCO,404.0,406.95,395.95,0.0,402.6,13,1,6
319,NTPC,158.2,158.45,155.2,0.0,155.8,13,1,7
320,IOC,117.4,118.6,116.7,0.0,118.3,13,1,8
321,GRASIM,1329.05,1340.0,1316.3,0.0,1334.0,13,1,9
322,DLF,323.85,330.45,323.05,0.0,329.8,13,1,10
323,CIPLA,974.2,979.7,960.5,0.0,960.95,13,1,11
324,SIEMENS,2361.1,2362.5,2327.9,0.0,2344.1,13,1,12
325,BPCL,321.8,327.9,320.0,0.0,327.5,13,1,13
326,SRF,2342.1,2393.95,2331.0,0.0,2375.0,13,1,14
327,BRITANNIA,3464.95,3535.0,3450.05,0.0,3530.0,13,1,15
328,MINDTREE,3000.85,3062.0,2980.0,0.0,3055.25,13,1,16
329,GAIL,148.95,149.95,146.0,0.0,146.1,13,1,17
330,ZOMATO,70.25,71.0,69.2,0.0,70.0,13,1,18
331,MARICO,508.5,513.4,506.35,0.0,513.4,13,1,19
332,MPHASIS,2504.2,2552.85,2495.6,0.0,2549.0,13,1,20
333,IRCTC,652.25,665.0,648.15,0.0,665.0,13,1,21
334,UPL,767.8,778.8,764.55,0.0,771.95,13,1,22
335,GLAND,2826.0,2845.85,2788.3,0.0,2838.0,13,1,23
336,RELIANCE,2772.9,2814.0,2761.75,0.0,2780.0,14,1,0
337,TCS,3391.65,3430.0,3377.15,0.0,3418.0,14,1,1
338,HDFC,2278.35,2287.0,2256.05,0.0,2257.0,14,1,2
339,WIPRO,467.3,472.0,464.2,0.0,472.0,14,1,3
340,ITC,271.0,272.9,269.7,0.0,272.4,14,1,4
341,ONGC,155.3,156.0,152.8,0.0,153.1,14,1,5
342,HINDALCO,403.8,406.95,395.95,0.0,402.6,14,1,6
343,NTPC,158.55,158.65,155.2,0.0,155.8,14,1,7
344,IOC,117.55,118.6,116.7,0.0,118.3,14,1,8
345,GRASIM,1329.25,1340.0,1316.3,0.0,1334.0,14,1,9
346,DLF,323.95,330.45,323.05,0.0,329.8,14,1,10
347,CIPLA,972.9,979.7,960.5,0.0,960.95,14,1,11
348,SIEMENS,2362.35,2362.5,2327.9,0.0,2344.1,14,1,12
349,BPCL,322.35,327.9,320.0,0.0,327.5,14,1,13
350,SRF,2341.95,2393.95,2331.0,0.0,2375.0,14,1,14
351,BRITANNIA,3465.55,3535.0,3450.05,0.0,3530.0,14,1,15
352,MINDTREE,3001.0,3062.0,2980.0,0.0,3055.25,14,1,16
353,GAIL,148.95,149.95,146.0,0.0,146.1,14,1,17
354,ZOMATO,70.8,71.2,69.2,0.0,70.0,14,1,18
355,MARICO,508.7,513.4,506.35,0.0,513.4,14,1,19
356,MPHASIS,2501.85,2552.85,2495.6,0.0,2549.0,14,1,20
357,IRCTC,652.3,665.0,648.15,0.0,665.0,14,1,21
358,UPL,768.0,778.8,764.55,0.0,771.95,14,1,22
359,GLAND,2827.0,2845.85,2788.3,0.0,2838.0,14,1,23
360,RELIANCE,2769.9,2814.0,2761.75,0.0,2780.0,15,1,0
361,TCS,3396.2,3430.0,3377.15,0.0,3418.0,15,1,1
362,HDFC,2278.65,2287.0,2256.05,0.0,2257.0,15,1,2
363,WIPRO,467.15,472.0,464.2,0.0,472.0,15,1,3
364,ITC,271.1,272.9,269.7,0.0,272.4,15,1,4
365,ONGC,155.45,156.0,152.8,0.0,153.1,15,1,5
366,HINDALCO,403.2,406.95,395.95,0.0,402.6,15,1,6
367,NTPC,158.45,158.65,155.2,0.0,155.8,15,1,7
368,IOC,117.35,118.6,116.7,0.0,118.3,15,1,8
369,GRASIM,1329.05,1340.0,1316.3,0.0,1334.0,15,1,9
370,DLF,323.7,330.45,323.05,0.0,329.8,15,1,10
371,CIPLA,971.65,979.7,960.5,0.0,960.95,15,1,11
372,SIEMENS,2358.55,2364.0,2327.9,0.0,2344.1,15,1,12
373,BPCL,321.8,327.9,320.0,0.0,327.5,15,1,13
374,SRF,2343.4,2393.95,2331.0,0.0,2375.0,15,1,14
375,BRITANNIA,3462.95,3535.0,3450.05,0.0,3530.0,15,1,15
376,MINDTREE,3000.85,3062.0,2980.0,0.0,3055.25,15,1,16
377,GAIL,148.95,149.95,146.0,0.0,146.1,15,1,17
378,ZOMATO,70.85,71.2,69.2,0.0,70.0,15,1,18
379,MARICO,508.5,513.4,506.35,0.0,513.4,15,1,19
380,MPHASIS,2501.75,2552.85,2495.6,0.0,2549.0,15,1,20
381,IRCTC,651.8,665.0,648.15,0.0,665.0,15,1,21
382,UPL,767.1,778.8,764.55,0.0,771.95,15,1,22
383,GLAND,2827.0,2845.85,2788.3,0.0,2838.0,15,1,23
384,RELIANCE,2769.6,2814.0,2761.75,0.0,2780.0,16,1,0
385,TCS,3394.45,3430.0,3377.15,0.0,3418.0,16,1,1
386,HDFC,2279.85,2287.0,2256.05,0.0,2257.0,16,1,2
387,WIPRO,467.4,472.0,464.2,0.0,472.0,16,1,3
388,ITC,271.5,272.9,269.7,0.0,272.4,16,1,4
389,ONGC,155.4,156.0,152.8,0.0,153.1,16,1,5
390,HINDALCO,403.25,406.95,395.95,0.0,402.6,16,1,6
391,NTPC,158.25,158.65,155.2,0.0,155.8,16,1,7
392,IOC,117.75,118.6,116.7,0.0,118.3,16,1,8
393,GRASIM,1326.3,1340.0,1316.3,0.0,1334.0,16,1,9
394,DLF,324.5,330.45,323.05,0.0,329.8,16,1,10
395,CIPLA,972.7,979.7,960.5,0.0,960.95,16,1,11
396,SIEMENS,2359.7,2364.0,2327.9,0.0,2344.1,16,1,12
397,BPCL,322.0,327.9,320.0,0.0,327.5,16,1,13
398,SRF,2342.45,2393.95,2331.0,0.0,2375.0,16,1,14
399,BRITANNIA,3466.9,3535.0,3450.05,0.0,3530.0,16,1,15
400,MINDTREE,3001.7,3062.0,2980.0,0.0,3055.25,16,1,16
401,GAIL,148.75,149.95,146.0,0.0,146.1,16,1,17
402,ZOMATO,70.7,71.2,69.2,0.0,70.0,16,1,18
403,MARICO,509.55,513.4,506.35,0.0,513.4,16,1,19
404,MPHASIS,2505.6,2552.85,2495.6,0.0,2549.0,16,1,20
405,IRCTC,653.1,665.0,648.15,0.0,665.0,16,1,21
406,UPL,766.9,778.8,764.55,0.0,771.95,16,1,22
407,GLAND,2827.0,2845.85,2788.3,0.0,2838.0,16,1,23
408,RELIANCE,2770.25,2814.0,2761.75,0.0,2780.0,17,1,0
409,TCS,3391.65,3430.0,3377.15,0.0,3418.0,17,1,1
410,HDFC,2281.95,2287.0,2256.05,0.0,2257.0,17,1,2
411,WIPRO,467.45,472.0,464.2,0.0,472.0,17,1,3
412,ITC,271.6,272.9,269.7,0.0,272.4,17,1,4
413,ONGC,155.4,156.0,152.8,0.0,153.1,17,1,5
414,HINDALCO,404.3,406.95,395.95,0.0,402.6,17,1,6
415,NTPC,157.85,158.65,155.2,0.0,155.8,17,1,7
416,IOC,117.75,118.6,116.7,0.0,118.3,17,1,8
417,GRASIM,1327.55,1340.0,1316.3,0.0,1334.0,17,1,9
418,DLF,325.35,330.45,323.05,0.0,329.8,17,1,10
419,CIPLA,973.05,979.7,960.5,0.0,960.95,17,1,11
420,SIEMENS,2363.0,2364.0,2327.9,0.0,2344.1,17,1,12
421,BPCL,322.25,327.9,320.0,0.0,327.5,17,1,13
422,SRF,2346.75,2393.95,2331.0,0.0,2375.0,17,1,14
423,BRITANNIA,3467.25,3535.0,3450.05,0.0,3530.0,17,1,15
424,MINDTREE,3004.0,3062.0,2980.0,0.0,3055.25,17,1,16
425,GAIL,148.9,149.95,146.0,0.0,146.1,17,1,17
426,ZOMATO,71.0,71.2,69.2,0.0,70.0,17,1,18
427,MARICO,510.3,513.4,506.35,0.0,513.4,17,1,19
428,MPHASIS,2510.0,2552.85,2495.6,0.0,2549.0,17,1,20
429,IRCTC,654.45,665.0,648.15,0.0,665.0,17,1,21
430,UPL,768.35,778.8,764.55,0.0,771.95,17,1,22
431,GLAND,2827.0,2845.85,2788.3,0.0,2838.0,17,1,23
432,RELIANCE,2794.0,2814.0,2761.75,0.0,2780.0,18,1,0
433,TCS,3391.2,3430.0,3380.0,0.0,3418.0,18,1,1
434,HDFC,2279.2,2287.0,2256.05,0.0,2257.0,18,1,2
435,WIPRO,467.0,472.0,464.2,0.0,472.0,18,1,3
436,ITC,271.2,272.9,269.7,0.0,272.4,18,1,4
437,ONGC,153.9,155.3,152.8,0.0,153.1,18,1,5
438,HINDALCO,404.6,406.2,395.95,0.0,402.6,18,1,6
439,NTPC,157.4,157.85,155.2,0.0,155.8,18,1,7
440,IOC,117.15,118.6,116.7,0.0,118.3,18,1,8
441,GRASIM,1329.6,1339.9,1316.3,0.0,1334.0,18,1,9
442,DLF,324.0,330.45,323.85,0.0,329.8,18,1,10
443,CIPLA,971.4,975.0,960.5,0.0,960.95,18,1,11
444,SIEMENS,2351.0,2358.85,2327.9,0.0,2344.1,18,1,12
445,BPCL,322.6,327.9,320.0,0.0,327.5,18,1,13
446,SRF,2350.2,2393.95,2331.0,0.0,2375.0,18,1,14
447,BRITANNIA,3456.75,3535.0,3452.45,0.0,3530.0,18,1,15
448,MINDTREE,2986.0,3062.0,2980.0,0.0,3055.25,18,1,16
449,GAIL,149.05,149.35,146.0,0.0,146.1,18,1,17
450,ZOMATO,70.3,71.0,69.2,0.0,70.0,18,1,18
451,MARICO,507.1,513.4,506.35,0.0,513.4,18,1,19
452,MPHASIS,2512.05,2552.85,2500.0,0.0,2549.0,18,1,20
453,IRCTC,651.6,665.0,648.15,0.0,665.0,18,1,21
454,UPL,768.55,778.8,764.55,0.0,771.95,18,1,22
455,GLAND,2807.05,2845.85,2788.3,0.0,2838.0,18,1,23
456,RELIANCE,2786.85,2814.0,2761.75,0.0,2780.0,19,1,0
457,TCS,3390.0,3430.0,3380.0,0.0,3418.0,19,1,1
458,HDFC,2277.0,2287.0,2256.05,0.0,2257.0,19,1,2
459,WIPRO,465.8,472.0,464.2,0.0,472.0,19,1,3
460,ITC,271.7,272.9,269.7,0.0,272.4,19,1,4
461,ONGC,153.8,155.3,152.8,0.0,153.1,19,1,5
462,HINDALCO,404.25,406.2,395.95,0.0,402.6,19,1,6
463,NTPC,157.35,157.85,155.2,0.0,155.8,19,1,7
464,IOC,117.1,118.6,116.7,0.0,118.3,19,1,8
465,GRASIM,1329.1,1339.9,1316.3,0.0,1334.0,19,1,9
466,DLF,324.15,330.45,323.1,0.0,329.8,19,1,10
467,CIPLA,971.5,975.0,960.5,0.0,960.95,19,1,11
468,SIEMENS,2348.0,2358.85,2327.9,0.0,2344.1,19,1,12
469,BPCL,321.9,327.9,320.0,0.0,327.5,19,1,13
470,SRF,2339.65,2393.95,2331.0,0.0,2375.0,19,1,14
471,BRITANNIA,3455.05,3535.0,3452.45,0.0,3530.0,19,1,15
472,MINDTREE,2987.95,3062.0,2980.0,0.0,3055.25,19,1,16
473,GAIL,148.75,149.35,146.0,0.0,146.1,19,1,17
474,ZOMATO,70.1,71.0,69.2,0.0,70.0,19,1,18
475,MARICO,507.2,513.4,506.35,0.0,513.4,19,1,19
476,MPHASIS,2508.7,2552.85,2500.0,0.0,2549.0,19,1,20
477,IRCTC,652.9,665.0,648.15,0.0,665.0,19,1,21
478,UPL,767.0,778.8,764.55,0.0,771.95,19,1,22
479,GLAND,2814.9,2845.85,2788.3,0.0,2838.0,19,1,23
